{
  "0": {
    "precision": 1.0,
    "recall": 1.0,
    "f1-score": 1.0,
    "support": 50.0
  },
  "1": {
    "precision": 0.9215686274509803,
    "recall": 0.94,
    "f1-score": 0.9306930693069307,
    "support": 50.0
  },
  "2": {
    "precision": 0.9387755102040817,
    "recall": 0.92,
    "f1-score": 0.9292929292929293,
    "support": 50.0
  },
  "accuracy": 0.9533333333333334,
  "macro avg": {
    "precision": 0.9534480458850206,
    "recall": 0.9533333333333333,
    "f1-score": 0.9533286661999533,
    "support": 150.0
  },
  "weighted avg": {
    "precision": 0.9534480458850206,
    "recall": 0.9533333333333334,
    "f1-score": 0.9533286661999534,
    "support": 150.0
  }
}